D_TRA1_1_SPOT,D_TRA1_CASE,D_TRA1_SMONTH,D_TRA1_SDAY,D_TRA1_EMONTH,D_TRA1_EDAY,D_TRA1_S_Day,D_TRA1_COST,D_TRA1_NUM,D_TRA1_ONE_COST,A1_1,A4_1,A5_1,A5_2,A5_3,A5_4,A5_5,A5_6,A5_7,A5_8,A5_9,A5_10,A5_11,A5_12,A5_13,A5_14,A5_15,A5_16,A5_17,A5_18,A5_19,A5_20,A5_21,A7,A7B_1,A7B_2,A7B_3,A7B_4,A7B_5,A7B_6,A7B_7,A9,NA9,BSEX,BAGE,SAGE,BEDU,BFAM,total
39020.0,333.0,2332.0,4887.0,2315.0,5297.0,624.0,353394401.0,903.0,148097111.0,1309,1567,302.0,458.0,87.0,152.0,380.0,1554.0,105.0,520.0,243.0,10.0,66.0,36.0,0.0,0.0,1005.0,704.0,255.0,162.0,0.0,20.0,42.0,1230,183.0,18.0,369.0,20.0,95.0,0.0,0.0,373109036,145061442,518,1251,13993,1220,864,147
37020.0,324.0,2114.0,4861.0,2116.0,4914.0,114.0,72341400.0,872.0,28782730.0,446,1682,267.0,314.0,30.0,556.0,70.0,1194.0,14.0,120.0,126.0,0.0,0.0,12.0,52.0,0.0,210.0,256.0,102.0,72.0,0.0,20.0,0.0,1039,164.0,12.0,435.0,16.0,50.0,0.0,0.0,74272519,27661673,499,1111,12715,1168,833,94
32030.0,312.0,2203.0,4708.0,2161.0,4805.0,282.0,123750000.0,828.0,51771477.0,417,1734,289.0,390.0,33.0,80.0,35.0,1464.0,28.0,240.0,54.0,0.0,55.0,48.0,39.0,14.0,495.0,448.0,255.0,252.0,0.0,20.0,63.0,1044,189.0,28.0,339.0,12.0,25.0,0.0,0.0,127907819,49283429,475,1106,12569,1143,820,85
39010.0,270.0,1870.0,3928.0,1856.0,4184.0,561.0,308520000.0,736.0,126617460.0,1089,1274,249.0,416.0,96.0,172.0,410.0,1266.0,91.0,408.0,324.0,0.0,110.0,72.0,39.0,14.0,1005.0,576.0,306.0,108.0,0.0,20.0,0.0,911,142.0,8.0,351.0,12.0,25.0,0.0,0.0,339816880,127032147,428,994,11160,1008,689,130
31370.0,255.0,1675.0,3656.0,1675.0,3767.0,111.0,58186500.0,658.0,24352934.0,379,1243,219.0,228.0,75.0,28.0,150.0,1026.0,14.0,56.0,18.0,0.0,44.0,48.0,39.0,0.0,90.0,160.0,85.0,126.0,0.0,0.0,21.0,908,111.0,16.0,393.0,44.0,10.0,0.0,7.0,58411606,22155305,366,808,9370,935,652,73
32060.0,246.0,1766.0,3910.0,1768.0,4110.0,261.0,131346955.0,769.0,45897289.0,299,1254,211.0,342.0,66.0,76.0,60.0,1134.0,98.0,224.0,27.0,0.0,99.0,24.0,65.0,0.0,465.0,96.0,187.0,144.0,19.0,0.0,0.0,919,153.0,28.0,243.0,16.0,25.0,6.0,0.0,134330722,45186164,372,948,10666,879,633,96
34030.0,242.0,1644.0,3427.0,1646.0,3465.0,99.0,63707800.0,665.0,25434815.0,301,1262,225.0,364.0,99.0,40.0,75.0,960.0,0.0,104.0,27.0,0.0,44.0,48.0,13.0,0.0,180.0,96.0,85.0,36.0,0.0,0.0,0.0,812,120.0,10.0,348.0,8.0,15.0,0.0,0.0,69653685,23899230,350,799,9195,883,627,63
21090.0,225.0,1477.0,3491.0,1478.0,3615.0,155.0,78081666.0,545.0,37153267.0,434,1134,181.0,284.0,36.0,40.0,20.0,960.0,105.0,280.0,45.0,0.0,11.0,24.0,13.0,0.0,540.0,128.0,204.0,216.0,0.0,0.0,21.0,739,74.0,4.0,420.0,4.0,20.0,0.0,0.0,82530519,35356590,345,664,7746,841,583,62
37010.0,204.0,1454.0,3230.0,1434.0,3166.0,59.0,41197008.0,532.0,17944348.0,242,1128,170.0,276.0,21.0,20.0,10.0,738.0,7.0,264.0,18.0,0.0,33.0,0.0,65.0,0.0,105.0,192.0,17.0,108.0,0.0,0.0,0.0,667,119.0,14.0,228.0,12.0,10.0,0.0,0.0,43815706,17165356,302,757,8526,736,531,59
36020.0,204.0,1309.0,2994.0,1287.0,3090.0,158.0,84614004.0,543.0,33665835.0,286,887,191.0,262.0,66.0,80.0,65.0,816.0,7.0,72.0,63.0,0.0,44.0,24.0,78.0,0.0,300.0,160.0,136.0,144.0,0.0,20.0,21.0,667,94.0,8.0,294.0,12.0,25.0,0.0,0.0,87886430,31556175,296,689,7885,745,532,81
34380.0,198.0,1329.0,3008.0,1319.0,3088.0,141.0,65693000.0,549.0,26282036.0,248,848,180.0,274.0,45.0,60.0,90.0,816.0,21.0,40.0,18.0,0.0,77.0,60.0,13.0,0.0,60.0,160.0,119.0,72.0,0.0,0.0,21.0,725,109.0,16.0,270.0,24.0,10.0,0.0,0.0,68866711,24027891,293,695,7967,706,507,78
32010.0,189.0,1183.0,2906.0,1183.0,2955.0,49.0,41732000.0,506.0,18380032.0,303,946,165.0,192.0,93.0,40.0,60.0,660.0,0.0,56.0,63.0,10.0,66.0,36.0,26.0,0.0,60.0,128.0,51.0,108.0,0.0,0.0,0.0,649,76.0,8.0,318.0,20.0,20.0,0.0,0.0,42656200,16722633,277,627,7286,702,470,52
31380.0,177.0,1108.0,2619.0,1108.0,2652.0,33.0,28205000.0,463.0,11209332.0,212,878,164.0,190.0,21.0,20.0,45.0,594.0,0.0,24.0,45.0,0.0,22.0,48.0,0.0,0.0,45.0,176.0,17.0,18.0,19.0,0.0,0.0,574,89.0,12.0,243.0,8.0,20.0,0.0,0.0,27345295,10396715,281,633,7317,651,448,53
38350.0,171.0,1167.0,2560.0,1167.0,2668.0,108.0,48681250.0,453.0,20653583.0,177,904,155.0,160.0,15.0,76.0,15.0,798.0,7.0,16.0,81.0,0.0,11.0,24.0,221.0,0.0,60.0,176.0,119.0,72.0,152.0,0.0,21.0,591,81.0,6.0,258.0,20.0,20.0,0.0,0.0,50750403,19742467,262,670,7563,598,429,53
38050.0,171.0,1087.0,2734.0,1087.0,2835.0,101.0,57801000.0,440.0,24636752.0,235,1002,154.0,188.0,63.0,36.0,50.0,756.0,21.0,64.0,36.0,0.0,11.0,24.0,13.0,0.0,120.0,112.0,102.0,36.0,0.0,0.0,42.0,597,76.0,6.0,255.0,8.0,30.0,0.0,0.0,59721304,23184845,252,634,7190,623,425,61
38090.0,171.0,1074.0,2537.0,1074.0,2658.0,121.0,66715000.0,520.0,24739173.0,211,893,162.0,150.0,30.0,64.0,40.0,834.0,7.0,48.0,45.0,0.0,22.0,12.0,0.0,0.0,90.0,160.0,119.0,126.0,57.0,0.0,42.0,625,78.0,14.0,270.0,12.0,15.0,0.0,0.0,70964489,22534291,248,600,6844,627,429,53
35010.0,169.0,1105.0,2710.0,1105.0,2765.0,55.0,35183000.0,390.0,16579253.0,245,889,127.0,254.0,6.0,140.0,40.0,558.0,7.0,176.0,144.0,0.0,11.0,48.0,52.0,0.0,435.0,352.0,85.0,162.0,0.0,0.0,0.0,514,66.0,8.0,291.0,8.0,10.0,0.0,0.0,35850595,15137409,270,562,6448,621,428,37
36310.0,143.0,992.0,1957.0,992.0,1979.0,22.0,21425667.0,326.0,10626751.0,166,756,127.0,198.0,12.0,8.0,45.0,546.0,7.0,40.0,36.0,0.0,11.0,12.0,0.0,0.0,195.0,128.0,34.0,180.0,19.0,0.0,0.0,494,80.0,4.0,153.0,8.0,30.0,0.0,0.0,24705891,9793423,218,503,5721,502,364,65
35020.0,133.0,800.0,2055.0,801.0,2062.0,37.0,31850000.0,345.0,12660500.0,158,682,115.0,208.0,24.0,76.0,20.0,438.0,14.0,80.0,18.0,0.0,22.0,12.0,13.0,0.0,195.0,304.0,51.0,144.0,0.0,0.0,0.0,430,74.0,8.0,162.0,8.0,10.0,0.0,0.0,32536801,12047084,195,496,5598,479,335,38
35380.0,129.0,866.0,2034.0,866.0,2090.0,56.0,30228000.0,323.0,12968250.0,155,513,121.0,186.0,15.0,32.0,10.0,522.0,21.0,72.0,9.0,0.0,11.0,0.0,26.0,0.0,60.0,192.0,85.0,72.0,0.0,0.0,21.0,416,75.0,2.0,138.0,4.0,10.0,0.0,0.0,29558007,11566211,187,499,5686,455,317,65
23310.0,121.0,769.0,1932.0,770.0,1938.0,36.0,24813000.0,334.0,10389834.0,139,533,104.0,148.0,21.0,60.0,5.0,420.0,84.0,8.0,0.0,0.0,22.0,0.0,52.0,0.0,60.0,32.0,68.0,18.0,19.0,0.0,0.0,388,57.0,2.0,186.0,0.0,20.0,0.0,0.0,24434514,9382338,190,443,5066,434,301,29
34020.0,121.0,816.0,1909.0,816.0,1924.0,15.0,15243000.0,306.0,6276251.0,171,624,108.0,176.0,18.0,120.0,5.0,438.0,14.0,72.0,36.0,0.0,0.0,0.0,143.0,0.0,45.0,32.0,0.0,72.0,38.0,0.0,0.0,369,60.0,6.0,156.0,8.0,5.0,0.0,0.0,14531898,6102366,174,483,5431,427,301,29
33380.0,118.0,779.0,1696.0,779.0,1759.0,63.0,32912000.0,316.0,13624087.0,137,569,106.0,152.0,36.0,68.0,25.0,444.0,21.0,48.0,27.0,0.0,11.0,0.0,52.0,0.0,105.0,144.0,0.0,54.0,0.0,0.0,0.0,382,61.0,2.0,162.0,16.0,10.0,0.0,0.0,36362803,13099259,173,448,5021,411,309,41
31200.0,115.0,757.0,1818.0,757.0,1828.0,10.0,17764000.0,317.0,7051646.0,141,535,99.0,122.0,18.0,0.0,45.0,390.0,0.0,128.0,45.0,0.0,11.0,12.0,26.0,0.0,45.0,32.0,34.0,36.0,0.0,0.0,0.0,359,52.0,4.0,198.0,0.0,0.0,0.0,0.0,17623808,6520768,175,417,4815,422,297,30
38080.0,111.0,739.0,1603.0,739.0,1641.0,38.0,18472000.0,288.0,8340081.0,142,562,92.0,68.0,9.0,40.0,15.0,522.0,0.0,16.0,18.0,10.0,0.0,12.0,169.0,0.0,15.0,160.0,17.0,108.0,0.0,20.0,21.0,354,44.0,0.0,168.0,4.0,30.0,12.0,0.0,17544014,6967788,159,421,4752,390,272,13
35330.0,108.0,734.0,1585.0,735.0,1613.0,59.0,31672000.0,269.0,13119960.0,189,464,100.0,110.0,72.0,72.0,35.0,486.0,14.0,32.0,27.0,0.0,33.0,12.0,91.0,0.0,60.0,176.0,34.0,18.0,0.0,0.0,0.0,366,49.0,6.0,162.0,4.0,20.0,0.0,0.0,31995998,11949750,157,361,4062,392,268,39
31270.0,105.0,626.0,1535.0,626.0,1562.0,27.0,17882000.0,272.0,7706658.0,133,475,91.0,118.0,9.0,4.0,30.0,372.0,112.0,24.0,27.0,0.0,11.0,12.0,0.0,0.0,15.0,0.0,17.0,18.0,0.0,0.0,0.0,362,57.0,2.0,132.0,4.0,20.0,0.0,0.0,18777399,7234258,171,416,4697,378,266,28
23010.0,93.0,574.0,1585.0,574.0,1595.0,10.0,18082000.0,266.0,7079760.0,157,417,70.0,120.0,6.0,8.0,15.0,252.0,14.0,80.0,0.0,0.0,11.0,0.0,0.0,0.0,90.0,48.0,51.0,0.0,19.0,0.0,42.0,294,42.0,0.0,141.0,0.0,15.0,0.0,0.0,17943597,6357700,137,314,3631,331,242,25
38100.0,93.0,599.0,1393.0,600.0,1383.0,21.0,16693500.0,257.0,6172925.0,132,458,74.0,38.0,24.0,36.0,30.0,402.0,7.0,8.0,0.0,10.0,11.0,0.0,182.0,0.0,15.0,48.0,34.0,18.0,38.0,0.0,0.0,315,39.0,4.0,132.0,0.0,35.0,0.0,0.0,16210516,5452919,145,343,3897,333,242,20
31240.0,84.0,571.0,1228.0,571.0,1253.0,25.0,14552200.0,235.0,5867916.0,124,411,67.0,86.0,12.0,0.0,5.0,324.0,42.0,24.0,0.0,0.0,0.0,24.0,26.0,0.0,15.0,0.0,0.0,18.0,0.0,0.0,21.0,280,50.0,8.0,81.0,4.0,10.0,0.0,0.0,15143500,5128684,131,315,3566,301,215,17
31130.0,78.0,521.0,1048.0,521.0,1053.0,5.0,10077000.0,219.0,4004333.0,104,400,67.0,100.0,9.0,8.0,20.0,246.0,0.0,16.0,9.0,0.0,11.0,48.0,0.0,0.0,0.0,0.0,0.0,36.0,0.0,0.0,21.0,241,43.0,4.0,99.0,8.0,0.0,0.0,0.0,10131311,3822004,122,306,3470,277,206,17
21140.0,77.0,493.0,1110.0,493.0,1148.0,38.0,20775000.0,170.0,9561833.0,206,385,67.0,94.0,3.0,8.0,0.0,354.0,0.0,48.0,18.0,0.0,11.0,0.0,0.0,0.0,105.0,112.0,153.0,54.0,0.0,0.0,0.0,222,15.0,4.0,183.0,0.0,5.0,0.0,0.0,21719005,9529740,108,210,2486,289,190,15
31190.0,77.0,509.0,1075.0,509.0,1084.0,9.0,15831000.0,219.0,5905584.0,145,442,38.0,48.0,18.0,8.0,245.0,150.0,14.0,24.0,27.0,0.0,44.0,48.0,0.0,0.0,30.0,0.0,68.0,72.0,0.0,20.0,0.0,271,42.0,4.0,105.0,0.0,0.0,0.0,0.0,16583409,6060009,115,232,2689,286,210,17
36330.0,76.0,516.0,1089.0,516.0,1120.0,31.0,15054167.0,178.0,7328250.0,90,356,63.0,72.0,12.0,20.0,5.0,282.0,14.0,8.0,9.0,0.0,33.0,0.0,26.0,0.0,45.0,48.0,34.0,180.0,0.0,0.0,0.0,245,42.0,2.0,87.0,12.0,5.0,0.0,0.0,16942208,6490836,114,300,3383,263,185,33
32410.0,76.0,536.0,1189.0,537.0,1241.0,83.0,36675000.0,237.0,13423332.0,113,413,63.0,100.0,33.0,28.0,15.0,294.0,7.0,32.0,9.0,0.0,22.0,0.0,13.0,0.0,120.0,0.0,85.0,72.0,0.0,0.0,21.0,268,44.0,2.0,90.0,8.0,0.0,0.0,0.0,36125003,12967148,122,282,3203,272,201,30
34370.0,74.0,416.0,1020.0,416.0,1045.0,25.0,16483200.0,201.0,6187533.0,84,359,61.0,88.0,15.0,56.0,20.0,246.0,112.0,16.0,18.0,0.0,11.0,12.0,91.0,0.0,0.0,16.0,0.0,18.0,0.0,0.0,0.0,247,48.0,4.0,63.0,4.0,10.0,0.0,0.0,16383605,5835585,105,304,3385,260,194,30
36010.0,74.0,526.0,1165.0,526.0,1188.0,23.0,16525000.0,152.0,7574583.0,91,432,65.0,108.0,21.0,12.0,20.0,300.0,7.0,24.0,36.0,0.0,22.0,12.0,0.0,0.0,165.0,16.0,17.0,90.0,0.0,0.0,0.0,230,42.0,4.0,84.0,8.0,20.0,0.0,0.0,19962910,7520695,110,305,3380,250,179,34
34340.0,72.0,402.0,1096.0,402.0,1116.0,20.0,17331050.0,218.0,5963599.0,84,390,63.0,112.0,9.0,16.0,30.0,282.0,0.0,64.0,36.0,0.0,11.0,0.0,0.0,0.0,15.0,32.0,17.0,18.0,0.0,20.0,0.0,261,38.0,2.0,78.0,4.0,35.0,0.0,0.0,18284394,5701548,109,306,3399,249,183,17
34040.0,72.0,474.0,1137.0,474.0,1151.0,14.0,12063000.0,184.0,5203332.0,92,406,44.0,92.0,6.0,36.0,30.0,240.0,147.0,56.0,18.0,0.0,0.0,0.0,26.0,0.0,45.0,48.0,34.0,54.0,0.0,0.0,0.0,214,41.0,2.0,78.0,4.0,15.0,0.0,0.0,12918299,4558533,109,291,3298,249,179,12
38110.0,71.0,478.0,1093.0,478.0,1103.0,10.0,12299333.0,190.0,5433751.0,92,427,60.0,54.0,27.0,4.0,5.0,288.0,14.0,16.0,9.0,0.0,0.0,24.0,0.0,0.0,30.0,96.0,0.0,72.0,0.0,0.0,0.0,241,31.0,2.0,102.0,4.0,35.0,0.0,0.0,11672000,4626767,110,291,3288,243,182,9
31090.0,71.0,520.0,1102.0,520.0,1116.0,14.0,13693000.0,207.0,4838384.0,93,348,58.0,92.0,15.0,4.0,10.0,162.0,0.0,48.0,27.0,0.0,0.0,60.0,0.0,0.0,30.0,0.0,34.0,72.0,0.0,0.0,0.0,254,37.0,8.0,78.0,8.0,15.0,0.0,0.0,12612311,4467816,105,253,2890,258,189,16
36360.0,70.0,510.0,1008.0,510.0,1037.0,29.0,16740000.0,182.0,6669583.0,70,336,64.0,108.0,6.0,16.0,15.0,270.0,28.0,72.0,27.0,0.0,55.0,0.0,0.0,0.0,45.0,64.0,0.0,72.0,0.0,0.0,21.0,210,44.0,0.0,72.0,4.0,5.0,0.0,0.0,16485105,6131893,100,257,2916,260,169,37
36030.0,65.0,431.0,1021.0,431.0,1049.0,28.0,13870084.0,153.0,7868549.0,76,327,56.0,82.0,6.0,24.0,45.0,228.0,7.0,8.0,27.0,0.0,22.0,12.0,13.0,0.0,90.0,144.0,34.0,54.0,0.0,0.0,0.0,211,35.0,4.0,81.0,0.0,10.0,0.0,0.0,13986804,6017618,100,234,2629,223,167,23
35050.0,64.0,445.0,993.0,434.0,989.0,27.0,16506000.0,173.0,6610999.0,99,350,54.0,76.0,15.0,40.0,25.0,204.0,0.0,8.0,18.0,0.0,11.0,0.0,26.0,0.0,45.0,80.0,17.0,72.0,0.0,0.0,0.0,224,31.0,0.0,87.0,8.0,10.0,0.0,0.0,16568815,6010445,96,241,2713,228,162,27
33030.0,63.0,434.0,948.0,434.0,980.0,32.0,15634400.0,150.0,6904850.0,87,363,56.0,84.0,27.0,32.0,15.0,228.0,14.0,40.0,9.0,0.0,0.0,12.0,0.0,0.0,30.0,32.0,0.0,54.0,0.0,0.0,0.0,231,34.0,2.0,75.0,4.0,25.0,0.0,0.0,15649103,6708068,88,246,2769,230,155,16
32340.0,62.0,397.0,926.0,398.0,959.0,64.0,27474900.0,167.0,11129483.0,68,267,55.0,68.0,30.0,20.0,10.0,300.0,21.0,16.0,18.0,0.0,0.0,0.0,0.0,0.0,45.0,16.0,51.0,54.0,0.0,0.0,0.0,231,35.0,6.0,87.0,0.0,0.0,0.0,0.0,30015901,10193650,96,232,2608,219,159,23
36350.0,61.0,417.0,902.0,406.0,897.0,26.0,17335000.0,183.0,6451070.0,75,284,50.0,66.0,12.0,12.0,20.0,198.0,0.0,32.0,45.0,0.0,22.0,12.0,0.0,0.0,45.0,16.0,51.0,54.0,0.0,0.0,21.0,213,33.0,8.0,72.0,4.0,5.0,0.0,0.0,16452230,5620790,84,226,2553,211,160,18
36390.0,60.0,399.0,896.0,400.0,876.0,10.0,9795000.0,155.0,4078691.0,66,331,49.0,80.0,0.0,16.0,10.0,156.0,0.0,16.0,27.0,0.0,22.0,12.0,0.0,0.0,15.0,32.0,17.0,180.0,0.0,0.0,0.0,180,36.0,2.0,60.0,4.0,0.0,0.0,0.0,9910919,3757119,91,242,2695,205,145,19
35370.0,58.0,379.0,947.0,379.0,964.0,17.0,9616000.0,127.0,4387167.0,63,340,45.0,72.0,6.0,56.0,10.0,252.0,7.0,16.0,18.0,0.0,11.0,36.0,104.0,0.0,30.0,48.0,17.0,198.0,0.0,0.0,0.0,187,29.0,4.0,78.0,12.0,0.0,0.0,0.0,9976505,3704235,90,227,2507,199,142,23
34080.0,57.0,372.0,754.0,372.0,765.0,11.0,11110000.0,142.0,4668999.0,58,237,53.0,70.0,6.0,4.0,10.0,174.0,0.0,48.0,9.0,0.0,0.0,0.0,0.0,0.0,15.0,16.0,17.0,54.0,0.0,0.0,0.0,162,22.0,6.0,81.0,0.0,10.0,0.0,0.0,11381194,4387348,81,220,2520,200,142,17
33020.0,57.0,382.0,847.0,382.0,864.0,17.0,10461000.0,151.0,4168833.0,94,368,50.0,72.0,6.0,16.0,10.0,222.0,70.0,8.0,0.0,0.0,0.0,0.0,26.0,0.0,45.0,32.0,17.0,36.0,0.0,0.0,0.0,225,28.0,4.0,63.0,8.0,30.0,0.0,0.0,10803504,3910250,89,226,2521,195,136,13
29010.0,56.0,404.0,779.0,404.0,785.0,6.0,5808000.0,148.0,2255500.0,81,307,46.0,48.0,0.0,4.0,50.0,192.0,0.0,24.0,9.0,0.0,11.0,24.0,0.0,0.0,0.0,0.0,17.0,72.0,0.0,20.0,0.0,165,31.0,2.0,69.0,0.0,0.0,0.0,0.0,5481998,2040250,86,180,2091,204,151,12
11010.0,56.0,306.0,865.0,306.0,877.0,12.0,8151900.0,107.0,5421565.0,188,223,20.0,58.0,9.0,52.0,10.0,126.0,0.0,120.0,45.0,0.0,0.0,12.0,0.0,0.0,210.0,16.0,51.0,72.0,0.0,0.0,0.0,149,9.0,0.0,135.0,4.0,0.0,0.0,0.0,8150198,4695616,82,146,1759,202,150,8
21310.0,56.0,364.0,846.0,364.0,866.0,20.0,13948000.0,135.0,6681167.0,71,293,41.0,76.0,6.0,8.0,5.0,186.0,7.0,64.0,0.0,0.0,11.0,0.0,39.0,0.0,45.0,48.0,0.0,54.0,0.0,0.0,63.0,172,27.0,2.0,60.0,16.0,15.0,0.0,0.0,14861503,6260751,82,205,2295,203,149,12
26310.0,55.0,360.0,718.0,349.0,701.0,14.0,8156250.0,154.0,3359416.0,59,244,45.0,36.0,9.0,4.0,0.0,204.0,28.0,0.0,18.0,0.0,11.0,0.0,26.0,0.0,15.0,48.0,17.0,72.0,0.0,0.0,21.0,175,24.0,6.0,63.0,8.0,15.0,0.0,0.0,7785606,2789527,80,227,2516,187,137,15
36480.0,54.0,364.0,687.0,365.0,681.0,24.0,13110000.0,137.0,5691833.0,60,272,51.0,78.0,3.0,8.0,5.0,228.0,0.0,16.0,0.0,0.0,0.0,0.0,0.0,0.0,60.0,32.0,17.0,108.0,0.0,0.0,21.0,170,30.0,0.0,60.0,8.0,10.0,0.0,0.0,13209599,4953433,78,209,2353,191,135,23
36460.0,54.0,354.0,817.0,354.0,852.0,35.0,12937000.0,119.0,6773333.0,74,250,51.0,80.0,3.0,8.0,10.0,264.0,0.0,8.0,18.0,0.0,0.0,0.0,0.0,0.0,15.0,64.0,0.0,144.0,0.0,0.0,0.0,194,36.0,6.0,51.0,0.0,5.0,0.0,0.0,13631909,6496428,89,209,2351,193,140,27
37350.0,54.0,376.0,776.0,376.0,790.0,14.0,13230000.0,171.0,4157502.0,66,294,48.0,70.0,6.0,0.0,0.0,222.0,14.0,16.0,0.0,0.0,0.0,0.0,0.0,0.0,0.0,48.0,0.0,0.0,0.0,0.0,0.0,216,33.0,2.0,60.0,0.0,10.0,0.0,0.0,12180210,4104445,78,213,2355,194,127,10
33040.0,53.0,364.0,980.0,364.0,993.0,13.0,7901200.0,110.0,4464533.0,84,256,36.0,60.0,6.0,12.0,0.0,162.0,7.0,88.0,9.0,0.0,11.0,12.0,0.0,0.0,60.0,0.0,0.0,108.0,0.0,0.0,0.0,170,25.0,2.0,78.0,4.0,5.0,0.0,0.0,8170700,4101200,84,204,2281,184,134,12
36320.0,53.0,319.0,853.0,319.0,872.0,19.0,12315000.0,147.0,4582500.0,74,223,41.0,54.0,6.0,12.0,10.0,228.0,0.0,16.0,0.0,0.0,55.0,0.0,0.0,0.0,75.0,32.0,0.0,54.0,0.0,20.0,0.0,169,29.0,2.0,60.0,4.0,10.0,0.0,0.0,11952820,4142840,78,189,2140,184,132,23
31010.0,53.0,338.0,807.0,338.0,814.0,7.0,7118000.0,127.0,3602166.0,86,267,39.0,58.0,9.0,44.0,5.0,162.0,0.0,16.0,9.0,10.0,11.0,12.0,0.0,0.0,15.0,16.0,17.0,54.0,0.0,0.0,0.0,156,27.0,4.0,57.0,0.0,10.0,0.0,0.0,7220108,3521136,82,217,2424,182,136,9
35040.0,53.0,425.0,668.0,425.0,677.0,9.0,9260000.0,137.0,3977167.0,53,236,50.0,72.0,6.0,24.0,0.0,114.0,0.0,32.0,18.0,0.0,11.0,0.0,26.0,0.0,60.0,32.0,0.0,108.0,0.0,0.0,21.0,167,31.0,2.0,63.0,0.0,5.0,0.0,0.0,9972398,3886691,81,213,2396,189,128,28
33320.0,52.0,377.0,803.0,377.0,816.0,13.0,8015000.0,133.0,3420834.0,75,282,51.0,52.0,12.0,44.0,5.0,210.0,7.0,24.0,18.0,0.0,11.0,12.0,65.0,0.0,45.0,16.0,17.0,36.0,0.0,0.0,0.0,167,29.0,0.0,54.0,4.0,15.0,0.0,0.0,7640501,3153792,80,210,2350,183,135,14
32310.0,52.0,311.0,756.0,311.0,804.0,48.0,19028000.0,153.0,7468168.0,67,282,42.0,38.0,24.0,0.0,40.0,246.0,42.0,0.0,0.0,0.0,0.0,0.0,0.0,0.0,0.0,0.0,51.0,0.0,0.0,0.0,0.0,183,26.0,8.0,78.0,4.0,0.0,0.0,0.0,19260009,6887753,80,188,2106,190,136,15
36400.0,50.0,319.0,802.0,320.0,795.0,24.0,11730000.0,124.0,6066416.0,69,250,45.0,64.0,15.0,16.0,20.0,198.0,7.0,32.0,54.0,0.0,22.0,24.0,52.0,0.0,75.0,16.0,102.0,90.0,0.0,0.0,21.0,155,28.0,6.0,57.0,4.0,5.0,0.0,0.0,12273803,5365401,70,180,2058,178,123,24
34050.0,50.0,326.0,820.0,326.0,840.0,20.0,12357000.0,153.0,4758880.0,56,284,42.0,74.0,3.0,56.0,0.0,156.0,7.0,16.0,0.0,0.0,11.0,0.0,26.0,0.0,45.0,16.0,34.0,54.0,0.0,0.0,21.0,184,30.0,2.0,54.0,0.0,5.0,0.0,0.0,12077520,4452514,70,186,2082,181,126,13
34310.0,49.0,350.0,741.0,350.0,746.0,5.0,5440000.0,126.0,2368999.0,64,294,44.0,86.0,3.0,0.0,10.0,156.0,14.0,48.0,0.0,0.0,0.0,0.0,26.0,0.0,0.0,0.0,0.0,18.0,0.0,0.0,0.0,157,20.0,6.0,66.0,0.0,20.0,0.0,0.0,5708302,2263784,73,182,2050,171,118,17
31150.0,49.0,372.0,791.0,372.0,798.0,7.0,6115000.0,119.0,3037500.0,97,287,35.0,66.0,12.0,0.0,5.0,180.0,0.0,24.0,0.0,0.0,11.0,0.0,0.0,0.0,15.0,16.0,51.0,36.0,0.0,0.0,21.0,150,22.0,0.0,72.0,0.0,10.0,0.0,0.0,5943997,2706049,76,179,2036,168,128,6
11240.0,48.0,250.0,667.0,250.0,678.0,11.0,11136500.0,98.0,6654001.0,191,284,10.0,32.0,9.0,12.0,165.0,54.0,0.0,88.0,36.0,0.0,0.0,0.0,0.0,0.0,75.0,16.0,102.0,54.0,0.0,0.0,0.0,146,13.0,0.0,102.0,0.0,0.0,0.0,0.0,10703110,6297313,64,119,1425,173,131,18
34330.0,46.0,344.0,776.0,345.0,757.0,12.0,9120000.0,124.0,3898165.0,56,244,41.0,54.0,0.0,72.0,15.0,156.0,7.0,56.0,9.0,0.0,0.0,36.0,13.0,0.0,60.0,80.0,0.0,0.0,0.0,20.0,0.0,151,25.0,4.0,63.0,0.0,5.0,0.0,0.0,10017996,3801249,72,157,1821,165,119,15
32070.0,46.0,267.0,641.0,268.0,657.0,47.0,22076000.0,151.0,6853970.0,54,256,42.0,60.0,27.0,12.0,10.0,198.0,7.0,24.0,9.0,0.0,0.0,0.0,0.0,0.0,60.0,0.0,51.0,0.0,0.0,0.0,21.0,185,29.0,4.0,39.0,4.0,5.0,0.0,0.0,22533673,6772335,68,191,2134,165,124,14
38070.0,46.0,281.0,718.0,281.0,723.0,5.0,6240000.0,130.0,2735166.0,74,287,33.0,40.0,3.0,28.0,20.0,180.0,14.0,24.0,36.0,0.0,0.0,12.0,13.0,0.0,0.0,16.0,34.0,36.0,0.0,0.0,0.0,138,17.0,0.0,72.0,4.0,20.0,0.0,0.0,6032997,2666567,72,164,1847,154,114,7
38360.0,45.0,311.0,574.0,311.0,594.0,20.0,9963000.0,111.0,4296167.0,51,207,39.0,32.0,6.0,20.0,5.0,228.0,0.0,0.0,27.0,0.0,0.0,0.0,39.0,0.0,0.0,16.0,0.0,36.0,0.0,0.0,0.0,154,21.0,2.0,72.0,4.0,10.0,0.0,0.0,10787007,3930919,70,200,2198,156,108,16
37360.0,45.0,286.0,719.0,286.0,731.0,12.0,7490000.0,125.0,2928165.0,61,236,31.0,40.0,0.0,40.0,10.0,132.0,21.0,0.0,0.0,0.0,22.0,0.0,78.0,0.0,0.0,16.0,17.0,36.0,0.0,0.0,0.0,145,30.0,4.0,42.0,0.0,0.0,0.0,7.0,7439009,2765253,64,182,2072,155,115,9
35320.0,45.0,279.0,704.0,279.0,719.0,15.0,8519000.0,102.0,3668499.0,52,163,43.0,62.0,6.0,16.0,15.0,180.0,35.0,16.0,18.0,0.0,0.0,0.0,39.0,0.0,15.0,48.0,0.0,18.0,0.0,0.0,0.0,139,28.0,0.0,42.0,8.0,5.0,0.0,0.0,8826994,3463248,63,189,2104,153,110,23
33360.0,44.0,306.0,584.0,306.0,596.0,12.0,6325000.0,120.0,2541250.0,44,223,41.0,52.0,3.0,16.0,0.0,168.0,0.0,8.0,0.0,0.0,0.0,0.0,26.0,0.0,15.0,48.0,0.0,54.0,0.0,0.0,0.0,150,28.0,2.0,42.0,0.0,15.0,0.0,0.0,6798500,2492250,64,172,1905,160,116,12
22010.0,44.0,275.0,658.0,275.0,661.0,3.0,5731000.0,85.0,3393833.0,107,291,6.0,44.0,0.0,0.0,10.0,162.0,0.0,192.0,54.0,0.0,0.0,0.0,0.0,0.0,30.0,0.0,68.0,18.0,0.0,0.0,0.0,134,17.0,2.0,75.0,0.0,0.0,0.0,0.0,6605096,3248869,66,134,1559,152,118,4
31100.0,43.0,267.0,679.0,267.0,681.0,2.0,4433000.0,112.0,2077166.0,68,197,33.0,44.0,3.0,8.0,15.0,114.0,0.0,16.0,0.0,0.0,11.0,12.0,39.0,0.0,30.0,0.0,17.0,72.0,0.0,0.0,0.0,133,18.0,0.0,78.0,8.0,0.0,0.0,0.0,4393498,2016566,72,151,1756,159,112,5
36380.0,42.0,318.0,517.0,319.0,511.0,24.0,11765000.0,115.0,4169999.0,49,141,38.0,54.0,0.0,0.0,0.0,174.0,7.0,0.0,0.0,0.0,0.0,0.0,0.0,0.0,15.0,0.0,0.0,72.0,0.0,0.0,0.0,143,31.0,2.0,36.0,0.0,0.0,0.0,0.0,10513504,3387168,62,155,1766,149,110,34
31110.0,42.0,245.0,615.0,245.0,617.0,2.0,3808000.0,102.0,1709916.0,102,270,24.0,16.0,21.0,0.0,90.0,78.0,7.0,0.0,27.0,0.0,0.0,24.0,0.0,0.0,0.0,0.0,0.0,18.0,0.0,0.0,0.0,135,22.0,0.0,57.0,4.0,0.0,0.0,0.0,4197499,1709483,68,131,1525,150,116,4
21010.0,41.0,246.0,581.0,246.0,589.0,8.0,9390000.0,85.0,4983334.0,98,161,25.0,58.0,0.0,4.0,5.0,108.0,0.0,200.0,9.0,0.0,11.0,0.0,0.0,0.0,135.0,32.0,17.0,18.0,0.0,0.0,0.0,116,14.0,0.0,75.0,0.0,0.0,0.0,0.0,9779500,5113300,60,119,1383,151,114,7
32040.0,40.0,265.0,611.0,254.0,614.0,34.0,13061000.0,103.0,5363500.0,50,219,36.0,52.0,9.0,8.0,0.0,156.0,0.0,8.0,9.0,0.0,22.0,0.0,13.0,0.0,75.0,48.0,34.0,18.0,0.0,0.0,21.0,139,19.0,4.0,54.0,0.0,10.0,0.0,0.0,15785004,5128168,61,155,1696,146,100,12
37040.0,39.0,242.0,655.0,242.0,669.0,14.0,10060000.0,114.0,4052667.0,54,196,27.0,38.0,3.0,48.0,5.0,108.0,0.0,32.0,18.0,0.0,0.0,12.0,13.0,0.0,15.0,112.0,51.0,36.0,0.0,0.0,0.0,132,24.0,0.0,42.0,8.0,5.0,0.0,0.0,10675799,3970150,56,154,1743,134,103,3
31230.0,39.0,257.0,608.0,257.0,613.0,5.0,5152000.0,112.0,2440584.0,58,203,25.0,44.0,3.0,8.0,0.0,144.0,0.0,40.0,9.0,0.0,0.0,12.0,0.0,0.0,15.0,0.0,0.0,18.0,0.0,0.0,21.0,125,16.0,0.0,60.0,4.0,5.0,0.0,0.0,4776095,1959196,55,150,1684,142,93,3
34010.0,38.0,275.0,631.0,275.0,638.0,7.0,6838000.0,88.0,3427666.0,51,209,19.0,50.0,12.0,28.0,5.0,84.0,7.0,72.0,18.0,0.0,0.0,0.0,26.0,0.0,0.0,0.0,17.0,72.0,0.0,0.0,0.0,112,22.0,2.0,39.0,4.0,0.0,0.0,0.0,6932000,3410200,58,138,1582,134,95,13
32020.0,38.0,255.0,563.0,255.0,583.0,20.0,11036000.0,115.0,3702167.0,54,182,38.0,28.0,6.0,4.0,0.0,150.0,14.0,8.0,18.0,0.0,0.0,12.0,0.0,0.0,15.0,0.0,0.0,54.0,0.0,0.0,0.0,132,19.0,0.0,48.0,8.0,5.0,0.0,0.0,10789500,3591000,58,151,1687,132,96,7
34060.0,38.0,278.0,645.0,278.0,653.0,8.0,5588000.0,98.0,2246332.0,49,236,31.0,46.0,15.0,8.0,15.0,96.0,0.0,16.0,0.0,0.0,11.0,0.0,26.0,0.0,0.0,16.0,0.0,36.0,0.0,0.0,0.0,120,14.0,0.0,69.0,0.0,5.0,0.0,0.0,5791500,1995184,62,155,1755,131,103,9
38400.0,37.0,258.0,563.0,258.0,571.0,8.0,7510000.0,121.0,2597667.0,54,168,30.0,26.0,3.0,12.0,5.0,144.0,0.0,0.0,9.0,0.0,0.0,0.0,143.0,0.0,0.0,16.0,0.0,18.0,76.0,0.0,0.0,155,19.0,0.0,42.0,0.0,20.0,0.0,0.0,10390508,2478336,59,160,1788,124,93,14
38030.0,36.0,218.0,579.0,218.0,588.0,9.0,5690000.0,84.0,2850000.0,63,221,30.0,26.0,0.0,28.0,10.0,174.0,0.0,8.0,0.0,0.0,11.0,0.0,0.0,0.0,0.0,16.0,17.0,36.0,0.0,0.0,0.0,101,16.0,0.0,57.0,0.0,0.0,0.0,0.0,5914306,2507287,56,124,1440,128,93,2
11230.0,36.0,227.0,529.0,227.0,538.0,9.0,7145000.0,63.0,4238250.0,127,235,5.0,36.0,3.0,0.0,15.0,60.0,0.0,120.0,45.0,0.0,0.0,0.0,39.0,0.0,75.0,0.0,102.0,36.0,0.0,0.0,0.0,95,7.0,2.0,84.0,0.0,0.0,0.0,0.0,7109903,3941901,54,100,1150,136,98,8
22020.0,36.0,274.0,480.0,274.0,486.0,6.0,6225000.0,65.0,4724334.0,58,179,28.0,30.0,0.0,20.0,0.0,102.0,0.0,56.0,9.0,0.0,0.0,0.0,65.0,0.0,0.0,0.0,0.0,36.0,0.0,0.0,0.0,100,20.0,4.0,33.0,0.0,0.0,0.0,0.0,6872701,4696617,58,142,1606,123,95,7
36060.0,36.0,220.0,663.0,220.0,669.0,6.0,5730000.0,90.0,2771784.0,58,165,24.0,24.0,9.0,16.0,5.0,90.0,0.0,8.0,9.0,0.0,55.0,12.0,13.0,0.0,30.0,16.0,17.0,108.0,0.0,0.0,0.0,126,18.0,6.0,45.0,4.0,5.0,0.0,0.0,5259007,2465369,55,142,1561,120,87,5
33330.0,36.0,236.0,495.0,236.0,502.0,7.0,4375000.0,93.0,1709166.0,36,273,32.0,42.0,6.0,0.0,10.0,150.0,7.0,8.0,0.0,0.0,0.0,0.0,0.0,0.0,0.0,0.0,17.0,0.0,0.0,0.0,21.0,106,18.0,0.0,48.0,0.0,5.0,0.0,0.0,4641990,1705330,58,132,1504,128,91,10
25040.0,34.0,192.0,572.0,192.0,581.0,9.0,4030000.0,65.0,2387999.0,61,176,17.0,50.0,3.0,4.0,10.0,72.0,49.0,24.0,27.0,0.0,0.0,12.0,26.0,0.0,0.0,0.0,68.0,72.0,0.0,0.0,0.0,95,15.0,2.0,45.0,4.0,0.0,0.0,0.0,4495610,2314603,50,127,1460,120,88,3
36440.0,34.0,211.0,495.0,211.0,505.0,10.0,4698000.0,61.0,2475500.0,34,194,30.0,62.0,6.0,4.0,5.0,150.0,7.0,32.0,9.0,0.0,0.0,0.0,26.0,0.0,15.0,0.0,0.0,90.0,0.0,0.0,0.0,106,19.0,0.0,36.0,4.0,10.0,0.0,0.0,4867800,2264825,55,150,1655,116,78,18
32330.0,34.0,238.0,627.0,239.0,634.0,38.0,11837500.0,93.0,5160668.0,45,202,32.0,32.0,3.0,32.0,0.0,162.0,7.0,0.0,9.0,0.0,11.0,24.0,0.0,0.0,0.0,0.0,17.0,18.0,0.0,20.0,0.0,129,22.0,2.0,27.0,4.0,5.0,0.0,0.0,13213511,4873572,50,135,1517,122,94,11
38330.0,33.0,246.0,491.0,246.0,494.0,3.0,5675500.0,95.0,2602667.0,33,175,30.0,32.0,0.0,4.0,0.0,132.0,21.0,0.0,0.0,0.0,11.0,0.0,26.0,0.0,0.0,32.0,0.0,18.0,0.0,20.0,0.0,106,19.0,0.0,33.0,8.0,5.0,0.0,0.0,4895509,1728753,49,134,1483,120,84,6
31250.0,33.0,180.0,519.0,180.0,523.0,4.0,5565000.0,73.0,2569440.0,37,149,28.0,22.0,3.0,20.0,30.0,126.0,7.0,8.0,0.0,0.0,11.0,0.0,0.0,0.0,15.0,0.0,0.0,36.0,0.0,0.0,0.0,100,18.0,2.0,45.0,0.0,5.0,0.0,0.0,5769509,2332955,53,133,1474,119,88,8
37420.0,32.0,209.0,475.0,210.0,463.0,19.0,12945000.0,108.0,4183750.0,38,155,27.0,34.0,6.0,16.0,0.0,120.0,42.0,0.0,9.0,0.0,22.0,0.0,0.0,0.0,0.0,16.0,17.0,0.0,0.0,0.0,0.0,149,22.0,4.0,24.0,0.0,5.0,0.0,0.0,13769992,4018164,46,127,1419,110,80,9
38370.0,32.0,233.0,481.0,233.0,500.0,19.0,13905000.0,101.0,3576072.0,55,171,29.0,14.0,3.0,8.0,0.0,138.0,7.0,8.0,0.0,0.0,11.0,12.0,26.0,0.0,30.0,16.0,0.0,36.0,0.0,0.0,0.0,115,16.0,2.0,42.0,4.0,5.0,0.0,0.0,16200913,3112614,46,129,1463,115,82,13
26030.0,30.0,202.0,523.0,202.0,528.0,5.0,4820000.0,77.0,2282084.0,40,199,27.0,38.0,0.0,0.0,5.0,132.0,0.0,16.0,9.0,0.0,0.0,12.0,0.0,0.0,0.0,16.0,0.0,54.0,0.0,0.0,0.0,85,10.0,0.0,51.0,0.0,5.0,0.0,0.0,4932005,2208335,45,112,1262,108,73,1
36450.0,30.0,219.0,459.0,219.0,461.0,2.0,2607000.0,47.0,2014167.0,30,141,24.0,34.0,15.0,0.0,0.0,144.0,7.0,8.0,0.0,0.0,0.0,12.0,26.0,0.0,0.0,16.0,0.0,72.0,0.0,0.0,0.0,91,16.0,2.0,33.0,0.0,15.0,0.0,0.0,3261796,1664633,45,134,1483,102,72,10
32350.0,30.0,177.0,431.0,177.0,465.0,34.0,12190000.0,95.0,5199834.0,36,122,28.0,24.0,12.0,16.0,15.0,138.0,0.0,16.0,0.0,0.0,0.0,0.0,13.0,14.0,15.0,48.0,17.0,18.0,0.0,0.0,0.0,106,21.0,2.0,27.0,8.0,0.0,0.0,0.0,12386494,5048799,44,124,1400,105,79,10
31170.0,30.0,220.0,438.0,220.0,438.0,0.0,1820000.0,67.0,871668.0,53,153,25.0,14.0,3.0,0.0,0.0,48.0,0.0,0.0,0.0,0.0,0.0,0.0,0.0,0.0,0.0,0.0,0.0,18.0,0.0,0.0,0.0,81,20.0,2.0,30.0,0.0,0.0,0.0,0.0,1965006,895252,46,123,1348,98,78,6
31280.0,30.0,209.0,492.0,209.0,496.0,4.0,6738400.0,78.0,3761133.0,36,195,19.0,32.0,6.0,16.0,5.0,78.0,14.0,48.0,18.0,0.0,0.0,0.0,26.0,0.0,15.0,0.0,0.0,36.0,0.0,0.0,21.0,110,16.0,2.0,30.0,8.0,10.0,0.0,0.0,6019400,3290200,48,113,1246,101,72,5
11140.0,29.0,166.0,412.0,166.0,422.0,10.0,4305000.0,66.0,2381267.0,110,135,11.0,42.0,3.0,0.0,0.0,42.0,0.0,104.0,9.0,0.0,22.0,0.0,0.0,0.0,75.0,16.0,51.0,72.0,0.0,0.0,0.0,82,5.0,0.0,75.0,0.0,0.0,0.0,0.0,4521901,2349117,46,79,913,105,81,2
36370.0,29.0,166.0,433.0,166.0,435.0,2.0,3420000.0,69.0,1838333.0,36,136,26.0,46.0,3.0,12.0,0.0,102.0,7.0,0.0,0.0,0.0,0.0,12.0,0.0,0.0,30.0,0.0,17.0,36.0,0.0,0.0,0.0,111,16.0,0.0,30.0,0.0,10.0,0.0,0.0,4372315,1561529,39,136,1504,97,71,12
31020.0,29.0,149.0,447.0,149.0,448.0,1.0,3203000.0,68.0,1422583.0,60,176,23.0,32.0,0.0,8.0,0.0,90.0,0.0,16.0,0.0,0.0,0.0,0.0,0.0,0.0,30.0,0.0,0.0,0.0,0.0,0.0,0.0,101,16.0,0.0,39.0,4.0,0.0,0.0,0.0,3399204,1467118,42,111,1251,107,76,6
31260.0,28.0,196.0,395.0,196.0,398.0,3.0,3550000.0,77.0,1360144.0,33,174,21.0,42.0,3.0,0.0,5.0,90.0,7.0,0.0,9.0,0.0,0.0,0.0,0.0,0.0,15.0,16.0,0.0,18.0,0.0,0.0,0.0,89,11.0,6.0,42.0,8.0,0.0,0.0,0.0,3836801,1355293,49,99,1144,102,76,2
24010.0,28.0,184.0,478.0,184.0,485.0,7.0,4398000.0,44.0,2948000.0,52,141,18.0,36.0,6.0,4.0,5.0,108.0,0.0,0.0,0.0,0.0,22.0,0.0,13.0,0.0,135.0,32.0,34.0,18.0,0.0,0.0,0.0,83,15.0,0.0,21.0,4.0,15.0,0.0,0.0,5742399,2551383,42,106,1167,90,71,15
36410.0,28.0,222.0,390.0,222.0,393.0,3.0,3605000.0,57.0,1781666.0,34,164,25.0,32.0,12.0,8.0,0.0,96.0,0.0,0.0,0.0,0.0,0.0,0.0,0.0,0.0,0.0,0.0,17.0,18.0,0.0,20.0,0.0,105,11.0,0.0,36.0,16.0,0.0,0.0,0.0,3605700,1697100,37,110,1227,99,74,13
37050.0,28.0,193.0,368.0,193.0,373.0,5.0,3640000.0,75.0,1549833.0,55,173,19.0,22.0,9.0,16.0,10.0,96.0,0.0,16.0,0.0,0.0,0.0,0.0,13.0,0.0,15.0,0.0,0.0,0.0,0.0,20.0,0.0,83,12.0,0.0,39.0,0.0,10.0,0.0,0.0,3629002,1466584,40,105,1165,98,68,5
37090.0,28.0,204.0,500.0,204.0,511.0,11.0,6305000.0,74.0,2860833.0,35,103,26.0,24.0,9.0,28.0,0.0,96.0,7.0,0.0,18.0,0.0,11.0,12.0,0.0,0.0,0.0,96.0,17.0,0.0,0.0,0.0,0.0,82,18.0,2.0,27.0,0.0,0.0,0.0,7.0,6841997,2926166,45,100,1135,104,69,7
32400.0,28.0,171.0,395.0,171.0,425.0,30.0,15210000.0,92.0,4793333.0,28,158,27.0,38.0,9.0,8.0,0.0,126.0,0.0,8.0,0.0,0.0,0.0,0.0,0.0,0.0,15.0,16.0,34.0,18.0,0.0,0.0,0.0,101,18.0,4.0,27.0,0.0,0.0,0.0,7.0,14956009,4750752,38,107,1205,103,74,11
35360.0,27.0,211.0,461.0,211.0,469.0,8.0,4302000.0,60.0,2006333.0,32,124,27.0,26.0,0.0,0.0,0.0,126.0,0.0,16.0,9.0,0.0,0.0,0.0,0.0,0.0,15.0,16.0,0.0,90.0,19.0,0.0,0.0,88,14.0,0.0,39.0,0.0,5.0,0.0,0.0,4363502,1824334,39,108,1235,91,63,10
21040.0,26.0,182.0,363.0,182.0,376.0,13.0,6092666.0,58.0,3117666.0,31,128,24.0,34.0,3.0,4.0,5.0,84.0,0.0,16.0,9.0,0.0,0.0,0.0,0.0,0.0,75.0,16.0,34.0,54.0,0.0,0.0,0.0,74,10.0,0.0,42.0,0.0,5.0,0.0,0.0,6014496,2615082,41,84,977,95,71,10
37030.0,25.0,183.0,416.0,183.0,421.0,5.0,4060000.0,74.0,1367024.0,35,115,17.0,18.0,3.0,24.0,0.0,72.0,0.0,16.0,0.0,0.0,0.0,0.0,78.0,0.0,30.0,0.0,0.0,36.0,0.0,0.0,0.0,78,14.0,2.0,30.0,4.0,0.0,0.0,0.0,4131001,1332517,35,104,1174,79,51,5
37330.0,25.0,191.0,359.0,191.0,369.0,10.0,6830000.0,80.0,2374584.0,32,89,24.0,30.0,6.0,4.0,0.0,72.0,14.0,8.0,0.0,0.0,0.0,0.0,0.0,0.0,0.0,16.0,0.0,18.0,0.0,0.0,0.0,89,14.0,0.0,33.0,0.0,5.0,0.0,0.0,7321009,2186503,37,107,1185,90,69,10
34360.0,25.0,170.0,381.0,170.0,389.0,8.0,5135000.0,65.0,2035417.0,25,161,19.0,30.0,6.0,0.0,0.0,66.0,0.0,16.0,0.0,0.0,11.0,0.0,0.0,0.0,15.0,0.0,0.0,72.0,0.0,0.0,0.0,73,12.0,0.0,27.0,0.0,10.0,0.0,0.0,5115804,1938943,33,108,1217,84,64,6
38390.0,24.0,163.0,406.0,163.0,415.0,9.0,7200000.0,92.0,1842619.0,36,124,23.0,18.0,0.0,0.0,0.0,120.0,7.0,0.0,0.0,0.0,0.0,0.0,13.0,0.0,0.0,16.0,0.0,0.0,0.0,0.0,21.0,127,14.0,2.0,24.0,4.0,15.0,0.0,0.0,6357995,1687523,36,95,1078,90,60,9
25030.0,24.0,150.0,310.0,150.0,314.0,4.0,3760000.0,44.0,2758333.0,34,173,11.0,24.0,0.0,0.0,5.0,60.0,7.0,88.0,27.0,0.0,0.0,0.0,0.0,0.0,0.0,0.0,17.0,36.0,0.0,0.0,0.0,67,13.0,0.0,33.0,0.0,0.0,0.0,0.0,3662902,2468984,37,77,881,91,62,4
11020.0,24.0,123.0,321.0,123.0,327.0,6.0,4045000.0,51.0,2409250.0,73,138,8.0,34.0,0.0,16.0,10.0,42.0,0.0,72.0,27.0,0.0,11.0,12.0,0.0,0.0,60.0,0.0,0.0,0.0,0.0,0.0,0.0,79,8.0,2.0,48.0,0.0,0.0,0.0,0.0,4181002,2172834,39,61,741,81,66,5
25020.0,24.0,143.0,316.0,143.0,319.0,3.0,3326000.0,62.0,1521000.0,43,157,10.0,30.0,0.0,4.0,20.0,66.0,0.0,88.0,0.0,0.0,0.0,0.0,0.0,0.0,30.0,0.0,34.0,36.0,0.0,0.0,0.0,75,15.0,2.0,24.0,4.0,0.0,0.0,0.0,3064501,1403417,34,76,893,87,67,3
25050.0,24.0,182.0,425.0,182.0,428.0,3.0,2690000.0,64.0,1122167.0,29,151,23.0,26.0,0.0,8.0,0.0,84.0,0.0,0.0,0.0,0.0,0.0,0.0,26.0,0.0,0.0,0.0,0.0,0.0,0.0,0.0,0.0,65,15.0,0.0,12.0,0.0,10.0,0.0,0.0,2452000,1030250,38,98,1103,81,64,1
38060.0,23.0,134.0,389.0,134.0,394.0,5.0,4695000.0,68.0,1949583.0,33,115,23.0,22.0,12.0,4.0,10.0,108.0,7.0,8.0,0.0,0.0,11.0,0.0,0.0,0.0,45.0,16.0,0.0,0.0,0.0,0.0,0.0,132,11.0,0.0,33.0,0.0,15.0,0.0,0.0,5367001,1682867,34,86,952,76,61,7
38340.0,23.0,196.0,358.0,196.0,366.0,8.0,5049000.0,63.0,2044499.0,23,138,18.0,16.0,3.0,4.0,20.0,108.0,7.0,0.0,9.0,0.0,0.0,0.0,13.0,0.0,15.0,48.0,0.0,18.0,19.0,0.0,42.0,77,8.0,2.0,42.0,0.0,5.0,0.0,0.0,4945002,1714334,32,82,958,84,54,1
38380.0,23.0,165.0,393.0,165.0,405.0,12.0,7540000.0,93.0,1927620.0,29,123,21.0,22.0,0.0,16.0,0.0,108.0,0.0,0.0,9.0,0.0,0.0,0.0,0.0,0.0,0.0,0.0,17.0,0.0,0.0,0.0,0.0,100,10.0,0.0,33.0,0.0,20.0,0.0,0.0,7075000,1799083,33,99,1105,80,54,6
23050.0,22.0,138.0,371.0,138.0,372.0,1.0,4208000.0,58.0,1735668.0,32,118,14.0,28.0,15.0,0.0,0.0,30.0,0.0,40.0,0.0,0.0,11.0,0.0,0.0,0.0,0.0,0.0,17.0,18.0,19.0,0.0,0.0,68,12.0,0.0,21.0,0.0,5.0,0.0,0.0,4190497,1626929,33,93,1036,79,59,6
34350.0,22.0,163.0,330.0,163.0,336.0,6.0,3260000.0,57.0,1613500.0,22,109,18.0,20.0,6.0,12.0,0.0,78.0,0.0,16.0,0.0,0.0,11.0,0.0,13.0,0.0,0.0,0.0,0.0,36.0,0.0,0.0,0.0,66,14.0,0.0,24.0,0.0,5.0,0.0,0.0,3775003,1573251,32,100,1117,75,49,6
37390.0,22.0,168.0,361.0,168.0,363.0,2.0,2280000.0,66.0,830832.0,22,141,16.0,28.0,3.0,4.0,0.0,60.0,0.0,0.0,0.0,0.0,0.0,0.0,0.0,0.0,0.0,0.0,0.0,0.0,0.0,0.0,0.0,72,12.0,0.0,30.0,0.0,0.0,0.0,0.0,2433001,841917,33,94,1047,70,52,4
32390.0,22.0,176.0,336.0,177.0,379.0,74.0,8310000.0,60.0,3346000.0,28,117,20.0,14.0,6.0,20.0,0.0,84.0,7.0,0.0,0.0,0.0,0.0,12.0,26.0,0.0,15.0,16.0,0.0,0.0,0.0,0.0,0.0,62,14.0,2.0,18.0,0.0,0.0,0.0,0.0,8024000,3072825,29,108,1162,73,51,6
31350.0,21.0,153.0,306.0,153.0,312.0,6.0,4220000.0,59.0,1435833.0,37,128,18.0,14.0,9.0,12.0,5.0,72.0,0.0,0.0,0.0,0.0,0.0,0.0,0.0,0.0,0.0,0.0,34.0,0.0,0.0,0.0,0.0,92,11.0,0.0,27.0,8.0,5.0,0.0,0.0,4000499,1294417,28,88,977,73,55,7
36420.0,21.0,117.0,393.0,117.0,397.0,4.0,3238000.0,52.0,1485154.0,21,134,13.0,30.0,6.0,4.0,5.0,84.0,7.0,8.0,18.0,0.0,33.0,0.0,0.0,0.0,30.0,0.0,17.0,18.0,0.0,0.0,0.0,61,9.0,0.0,33.0,0.0,5.0,0.0,0.0,3862805,1373605,33,85,952,72,50,8
36470.0,21.0,154.0,307.0,154.0,325.0,18.0,5615000.0,47.0,3005000.0,21,79,21.0,28.0,6.0,8.0,5.0,90.0,28.0,16.0,36.0,0.0,22.0,0.0,0.0,0.0,45.0,16.0,34.0,36.0,19.0,0.0,0.0,67,15.0,4.0,6.0,4.0,0.0,0.0,0.0,5987500,2658775,32,80,899,73,51,11
31210.0,20.0,111.0,378.0,111.0,379.0,1.0,3966000.0,60.0,1887749.0,20,99,14.0,12.0,3.0,8.0,5.0,60.0,0.0,48.0,0.0,0.0,0.0,12.0,0.0,0.0,0.0,0.0,0.0,0.0,0.0,0.0,0.0,72,6.0,0.0,42.0,4.0,0.0,0.0,0.0,3975194,1894934,29,70,812,71,54,6
31060.0,19.0,133.0,307.0,133.0,309.0,2.0,2553000.0,42.0,1348000.0,37,87,11.0,10.0,0.0,12.0,5.0,30.0,0.0,40.0,9.0,0.0,22.0,0.0,0.0,0.0,15.0,0.0,0.0,18.0,0.0,0.0,0.0,51,10.0,0.0,21.0,0.0,0.0,0.0,0.0,2641508,1249586,30,58,693,67,51,4
37070.0,19.0,151.0,265.0,151.0,270.0,5.0,2695000.0,54.0,910166.0,19,99,12.0,10.0,3.0,4.0,0.0,48.0,0.0,0.0,0.0,0.0,0.0,0.0,65.0,0.0,15.0,16.0,17.0,36.0,0.0,0.0,0.0,62,12.0,0.0,21.0,0.0,0.0,0.0,0.0,2600004,877668,28,83,939,68,47,7
38320.0,19.0,124.0,390.0,124.0,390.0,0.0,1750000.0,48.0,723333.0,19,65,14.0,0.0,3.0,8.0,5.0,78.0,0.0,0.0,9.0,0.0,0.0,12.0,0.0,0.0,0.0,0.0,0.0,18.0,0.0,0.0,0.0,52,9.0,0.0,30.0,0.0,0.0,0.0,0.0,1649000,656750,30,81,898,67,53,4
35310.0,19.0,95.0,258.0,95.0,265.0,7.0,3710000.0,46.0,2052000.0,39,102,17.0,14.0,0.0,8.0,0.0,36.0,0.0,0.0,0.0,0.0,11.0,0.0,13.0,0.0,15.0,0.0,34.0,18.0,0.0,0.0,0.0,60,8.0,0.0,30.0,0.0,10.0,0.0,0.0,3516499,1791583,28,81,908,66,42,3
22060.0,18.0,132.0,314.0,132.0,316.0,2.0,2470000.0,32.0,1310000.0,29,121,12.0,10.0,0.0,4.0,0.0,72.0,7.0,16.0,0.0,0.0,0.0,0.0,0.0,0.0,0.0,16.0,0.0,18.0,0.0,0.0,0.0,44,6.0,0.0,33.0,0.0,0.0,0.0,0.0,2343999,1119333,29,53,617,62,44,6
37060.0,18.0,131.0,240.0,131.0,249.0,9.0,3743000.0,38.0,2001667.0,24,96,10.0,16.0,0.0,40.0,0.0,66.0,0.0,16.0,9.0,0.0,0.0,0.0,13.0,0.0,0.0,16.0,0.0,18.0,19.0,0.0,0.0,58,11.0,0.0,9.0,4.0,5.0,0.0,0.0,4114000,1933000,26,81,892,64,46,4
11190.0,17.0,91.0,220.0,91.0,220.0,0.0,2024000.0,35.0,1116583.0,42,78,13.0,14.0,0.0,0.0,5.0,30.0,0.0,24.0,9.0,0.0,11.0,0.0,0.0,0.0,30.0,16.0,17.0,0.0,0.0,0.0,0.0,48,6.0,2.0,30.0,0.0,0.0,0.0,0.0,2153500,1066000,26,52,623,61,43,2
11210.0,17.0,107.0,270.0,107.0,271.0,1.0,1401000.0,32.0,855167.0,64,81,12.0,2.0,18.0,0.0,0.0,42.0,0.0,0.0,0.0,0.0,0.0,0.0,0.0,0.0,30.0,0.0,0.0,36.0,19.0,0.0,21.0,52,2.0,0.0,33.0,8.0,0.0,0.0,0.0,1360900,801400,25,64,719,60,49,4
33350.0,17.0,106.0,247.0,106.0,249.0,2.0,2390000.0,48.0,960191.0,29,97,15.0,18.0,3.0,12.0,5.0,48.0,7.0,0.0,9.0,0.0,0.0,0.0,13.0,0.0,0.0,16.0,0.0,18.0,0.0,0.0,21.0,58,6.0,0.0,24.0,4.0,10.0,0.0,0.0,2495992,888794,25,74,812,58,44,5
21020.0,17.0,117.0,202.0,117.0,210.0,8.0,5940000.0,43.0,2674167.0,31,87,15.0,22.0,3.0,0.0,15.0,66.0,0.0,8.0,0.0,0.0,11.0,0.0,0.0,0.0,30.0,0.0,17.0,18.0,0.0,0.0,0.0,51,8.0,0.0,27.0,0.0,0.0,0.0,0.0,5726999,2497333,24,45,544,64,48,6
11030.0,17.0,97.0,213.0,97.0,218.0,5.0,3225000.0,37.0,1769501.0,56,72,7.0,24.0,0.0,4.0,0.0,36.0,0.0,32.0,9.0,0.0,0.0,12.0,0.0,0.0,90.0,16.0,34.0,18.0,0.0,60.0,0.0,43,4.0,2.0,36.0,0.0,0.0,0.0,0.0,3415298,1954016,25,43,516,66,47,2
23040.0,17.0,115.0,229.0,115.0,231.0,2.0,2330000.0,38.0,1124166.0,30,124,13.0,20.0,3.0,0.0,5.0,60.0,0.0,8.0,0.0,0.0,11.0,0.0,0.0,0.0,60.0,16.0,0.0,0.0,0.0,0.0,0.0,41,6.0,0.0,27.0,4.0,0.0,0.0,0.0,2315600,1095100,25,52,613,62,38,3
31070.0,17.0,109.0,298.0,109.0,299.0,1.0,2755000.0,57.0,852500.0,24,93,15.0,18.0,6.0,0.0,5.0,66.0,0.0,0.0,9.0,0.0,0.0,0.0,0.0,0.0,0.0,0.0,0.0,0.0,0.0,20.0,0.0,59,11.0,0.0,18.0,0.0,0.0,0.0,0.0,2744997,861749,31,54,636,63,47,3
36040.0,16.0,93.0,310.0,93.0,314.0,4.0,3430000.0,41.0,1248333.0,16,96,12.0,20.0,0.0,0.0,5.0,72.0,7.0,16.0,0.0,0.0,0.0,12.0,0.0,0.0,0.0,0.0,17.0,36.0,0.0,0.0,0.0,53,11.0,0.0,12.0,4.0,0.0,0.0,0.0,3408799,1107550,27,73,793,54,41,7
21050.0,16.0,99.0,187.0,99.0,189.0,2.0,2470000.0,27.0,1640000.0,49,84,5.0,16.0,0.0,0.0,0.0,54.0,0.0,40.0,27.0,0.0,0.0,0.0,0.0,0.0,30.0,0.0,0.0,36.0,0.0,0.0,21.0,36,4.0,0.0,24.0,4.0,0.0,0.0,0.0,2490000,1670750,25,40,481,57,41,2
31220.0,15.0,78.0,217.0,78.0,220.0,3.0,2060000.0,36.0,1209167.0,20,89,9.0,10.0,9.0,0.0,10.0,54.0,0.0,16.0,0.0,0.0,0.0,0.0,0.0,0.0,0.0,0.0,17.0,0.0,0.0,0.0,0.0,50,6.0,2.0,21.0,0.0,0.0,0.0,0.0,2009001,1029667,23,54,626,54,34,6
31050.0,15.0,76.0,192.0,76.0,192.0,0.0,1776000.0,39.0,742750.0,45,71,10.0,20.0,0.0,0.0,20.0,30.0,0.0,16.0,9.0,0.0,0.0,0.0,0.0,0.0,15.0,16.0,0.0,36.0,0.0,0.0,0.0,43,5.0,0.0,30.0,0.0,0.0,0.0,0.0,1743498,701266,25,45,535,50,42,0
26010.0,15.0,102.0,255.0,102.0,262.0,7.0,3990000.0,51.0,1272500.0,25,40,14.0,14.0,3.0,12.0,0.0,72.0,0.0,8.0,0.0,0.0,0.0,0.0,0.0,0.0,0.0,0.0,0.0,0.0,0.0,0.0,0.0,50,6.0,0.0,24.0,0.0,5.0,0.0,0.0,3913013,1261820,24,49,578,52,38,2
31040.0,14.0,111.0,244.0,111.0,244.0,0.0,1290000.0,42.0,481500.0,27,84,10.0,10.0,0.0,0.0,0.0,24.0,0.0,8.0,0.0,0.0,0.0,0.0,0.0,0.0,15.0,0.0,0.0,0.0,0.0,0.0,0.0,41,7.0,0.0,15.0,4.0,0.0,0.0,0.0,1234000,453000,19,52,583,51,35,1
33340.0,14.0,82.0,179.0,82.0,183.0,4.0,2433000.0,35.0,1049667.0,14,58,13.0,8.0,0.0,8.0,0.0,54.0,0.0,0.0,9.0,0.0,0.0,0.0,26.0,0.0,0.0,0.0,0.0,18.0,0.0,0.0,0.0,50,6.0,0.0,24.0,0.0,5.0,0.0,0.0,2477505,901835,21,52,577,48,40,4
35060.0,14.0,114.0,260.0,114.0,261.0,1.0,2090000.0,37.0,861666.0,14,65,11.0,24.0,0.0,4.0,0.0,48.0,0.0,0.0,0.0,0.0,11.0,0.0,13.0,0.0,0.0,0.0,0.0,0.0,0.0,0.0,0.0,44,9.0,0.0,12.0,0.0,0.0,0.0,0.0,2221806,862302,18,62,681,49,37,4
38310.0,14.0,92.0,234.0,92.0,234.0,0.0,2138000.0,38.0,853833.0,14,61,13.0,8.0,3.0,12.0,0.0,54.0,0.0,0.0,0.0,0.0,0.0,0.0,0.0,0.0,0.0,0.0,0.0,0.0,0.0,0.0,0.0,41,7.0,0.0,15.0,0.0,5.0,0.0,0.0,2011001,737417,21,55,619,52,40,3
32050.0,14.0,91.0,209.0,91.0,215.0,6.0,3350000.0,30.0,1485000.0,22,70,12.0,16.0,9.0,0.0,0.0,42.0,0.0,0.0,0.0,0.0,0.0,12.0,0.0,0.0,0.0,0.0,17.0,0.0,0.0,0.0,0.0,49,7.0,2.0,21.0,0.0,0.0,0.0,0.0,3877496,1487832,22,64,711,52,37,3
37380.0,14.0,91.0,248.0,91.0,251.0,3.0,2870000.0,48.0,851607.0,14,78,11.0,8.0,3.0,12.0,0.0,72.0,0.0,8.0,9.0,0.0,0.0,0.0,0.0,0.0,0.0,0.0,0.0,0.0,0.0,0.0,0.0,48,11.0,0.0,6.0,0.0,0.0,0.0,0.0,2799003,803775,21,60,666,45,34,3
37100.0,14.0,111.0,257.0,111.0,257.0,0.0,950000.0,32.0,498667.0,39,96,11.0,20.0,3.0,0.0,0.0,66.0,0.0,0.0,0.0,0.0,0.0,0.0,26.0,0.0,0.0,0.0,0.0,0.0,0.0,0.0,21.0,46,4.0,2.0,21.0,4.0,10.0,0.0,0.0,1144999,439333,20,54,587,48,36,2
23320.0,14.0,90.0,169.0,90.0,181.0,12.0,4220000.0,44.0,1388000.0,20,70,14.0,16.0,3.0,0.0,0.0,36.0,0.0,8.0,0.0,0.0,0.0,36.0,0.0,0.0,15.0,16.0,0.0,0.0,0.0,0.0,0.0,50,11.0,0.0,12.0,0.0,0.0,0.0,0.0,4048406,1275702,22,48,562,53,41,3
21100.0,13.0,68.0,222.0,68.0,227.0,5.0,2540000.0,32.0,1204501.0,35,62,9.0,14.0,3.0,0.0,0.0,54.0,0.0,24.0,9.0,0.0,0.0,0.0,0.0,0.0,60.0,0.0,0.0,18.0,0.0,0.0,0.0,38,2.0,0.0,27.0,0.0,5.0,0.0,0.0,2584500,1187125,20,46,521,50,33,2
24020.0,13.0,84.0,168.0,84.0,172.0,4.0,1940000.0,18.0,1577500.0,23,60,8.0,20.0,0.0,0.0,10.0,60.0,7.0,24.0,18.0,0.0,11.0,0.0,0.0,0.0,105.0,0.0,68.0,0.0,0.0,0.0,0.0,35,4.0,0.0,24.0,4.0,0.0,0.0,0.0,4067505,1537835,17,39,449,50,35,12
35350.0,12.0,88.0,247.0,88.0,252.0,5.0,1550000.0,27.0,922500.0,13,53,10.0,18.0,0.0,0.0,5.0,36.0,0.0,16.0,9.0,0.0,11.0,24.0,0.0,0.0,15.0,0.0,0.0,54.0,19.0,0.0,0.0,43,11.0,0.0,3.0,0.0,0.0,0.0,0.0,1918901,763142,18,51,567,42,30,5
31030.0,12.0,91.0,172.0,91.0,172.0,0.0,1385000.0,30.0,591583.0,21,74,7.0,14.0,3.0,4.0,0.0,24.0,14.0,32.0,9.0,0.0,11.0,0.0,0.0,0.0,0.0,0.0,0.0,0.0,0.0,0.0,21.0,32,6.0,0.0,15.0,4.0,0.0,0.0,0.0,1328998,561416,19,44,519,43,29,3
37310.0,11.0,62.0,182.0,62.0,183.0,1.0,1250000.0,27.0,700000.0,11,59,6.0,14.0,3.0,4.0,0.0,36.0,0.0,8.0,9.0,0.0,0.0,0.0,13.0,0.0,0.0,0.0,0.0,0.0,0.0,0.0,0.0,31,9.0,0.0,0.0,4.0,0.0,0.0,0.0,1289003,669751,16,51,545,37,27,2
24050.0,11.0,55.0,216.0,55.0,224.0,8.0,2040000.0,21.0,1180000.0,16,60,7.0,10.0,3.0,0.0,0.0,42.0,0.0,8.0,9.0,0.0,22.0,0.0,0.0,0.0,45.0,0.0,0.0,90.0,0.0,0.0,0.0,32,7.0,0.0,3.0,0.0,5.0,0.0,0.0,2714000,1182750,15,49,543,36,23,7
21110.0,11.0,84.0,177.0,84.0,177.0,0.0,1285000.0,15.0,1045000.0,35,49,6.0,4.0,12.0,0.0,0.0,6.0,0.0,40.0,0.0,0.0,0.0,0.0,13.0,0.0,15.0,16.0,17.0,18.0,0.0,0.0,0.0,37,3.0,0.0,18.0,0.0,5.0,0.0,0.0,1635302,865034,14,37,413,39,26,0
35340.0,11.0,78.0,154.0,78.0,164.0,10.0,4550000.0,43.0,1430001.0,11,64,10.0,18.0,3.0,8.0,5.0,54.0,0.0,0.0,0.0,0.0,0.0,0.0,13.0,0.0,0.0,16.0,0.0,18.0,0.0,20.0,0.0,50,4.0,0.0,18.0,0.0,0.0,0.0,0.0,4292003,1168723,12,32,354,44,27,6
31180.0,10.0,82.0,215.0,82.0,215.0,0.0,1120000.0,18.0,843333.0,43,65,1.0,12.0,3.0,0.0,0.0,30.0,0.0,40.0,0.0,0.0,0.0,0.0,0.0,0.0,0.0,0.0,17.0,0.0,0.0,0.0,0.0,21,1.0,2.0,24.0,0.0,0.0,0.0,0.0,1217998,823666,14,33,378,33,25,1
37410.0,10.0,74.0,177.0,74.0,183.0,6.0,2505000.0,28.0,929166.0,21,75,9.0,8.0,3.0,8.0,0.0,42.0,0.0,8.0,9.0,0.0,0.0,0.0,0.0,0.0,0.0,16.0,0.0,18.0,0.0,0.0,0.0,57,8.0,0.0,3.0,0.0,5.0,0.0,0.0,2030001,764167,11,44,504,33,26,3
32320.0,10.0,76.0,184.0,76.0,187.0,3.0,2740000.0,37.0,830834.0,10,72,10.0,14.0,3.0,0.0,0.0,48.0,7.0,0.0,0.0,0.0,0.0,0.0,0.0,0.0,0.0,0.0,0.0,0.0,0.0,0.0,0.0,43,8.0,2.0,9.0,0.0,0.0,0.0,0.0,2866498,816166,13,42,472,35,26,3
37080.0,10.0,82.0,115.0,82.0,121.0,6.0,3050000.0,34.0,891250.0,10,41,10.0,2.0,3.0,4.0,0.0,42.0,0.0,8.0,18.0,0.0,11.0,0.0,0.0,0.0,0.0,0.0,0.0,18.0,0.0,0.0,0.0,44,8.0,2.0,6.0,0.0,0.0,0.0,0.0,3251999,758233,16,45,495,33,22,3
21070.0,9.0,47.0,177.0,47.0,181.0,4.0,2710000.0,28.0,931667.0,9,56,9.0,14.0,0.0,0.0,0.0,30.0,0.0,0.0,0.0,0.0,11.0,0.0,0.0,0.0,0.0,0.0,17.0,18.0,0.0,0.0,0.0,29,5.0,0.0,12.0,0.0,0.0,0.0,0.0,2625000,853417,14,37,414,32,23,2
37320.0,9.0,54.0,149.0,54.0,150.0,1.0,1390000.0,24.0,520833.0,9,65,4.0,4.0,3.0,4.0,0.0,42.0,0.0,0.0,0.0,0.0,0.0,0.0,0.0,0.0,0.0,0.0,0.0,18.0,0.0,20.0,0.0,27,6.0,0.0,12.0,0.0,0.0,0.0,0.0,1426601,516717,12,38,426,29,24,2
36430.0,9.0,45.0,141.0,45.0,144.0,3.0,1620000.0,22.0,627500.0,9,40,7.0,12.0,3.0,4.0,5.0,36.0,21.0,0.0,0.0,0.0,0.0,0.0,0.0,0.0,0.0,0.0,0.0,36.0,0.0,0.0,0.0,32,4.0,2.0,9.0,4.0,0.0,0.0,0.0,1583503,583501,15,40,437,30,25,3
31120.0,9.0,64.0,168.0,64.0,168.0,0.0,950000.0,19.0,420000.0,14,36,8.0,8.0,0.0,0.0,5.0,12.0,0.0,0.0,0.0,0.0,0.0,0.0,0.0,0.0,15.0,0.0,0.0,0.0,0.0,0.0,0.0,22,2.0,0.0,18.0,0.0,0.0,0.0,0.0,924499,382583,15,32,365,32,24,0
31160.0,9.0,57.0,157.0,57.0,157.0,0.0,555000.0,19.0,260000.0,9,36,7.0,4.0,3.0,0.0,0.0,18.0,0.0,0.0,0.0,0.0,0.0,0.0,0.0,0.0,0.0,0.0,0.0,0.0,0.0,0.0,0.0,29,6.0,0.0,12.0,0.0,0.0,0.0,0.0,749998,256250,13,44,480,32,24,0
26020.0,9.0,71.0,115.0,71.0,120.0,5.0,1830000.0,21.0,863000.0,14,53,8.0,10.0,0.0,4.0,5.0,30.0,0.0,8.0,0.0,0.0,0.0,0.0,0.0,0.0,0.0,16.0,34.0,18.0,0.0,0.0,0.0,24,4.0,0.0,12.0,4.0,0.0,0.0,0.0,1892000,891500,15,23,264,35,21,3
37370.0,8.0,52.0,166.0,52.0,167.0,1.0,650000.0,26.0,207333.0,13,80,6.0,10.0,0.0,12.0,0.0,12.0,0.0,0.0,27.0,0.0,0.0,12.0,0.0,0.0,0.0,0.0,0.0,0.0,0.0,0.0,0.0,28,4.0,0.0,9.0,4.0,0.0,0.0,0.0,645998,203916,12,30,336,24,20,2
23070.0,8.0,44.0,117.0,44.0,118.0,1.0,1020000.0,20.0,432500.0,13,58,4.0,2.0,12.0,0.0,0.0,6.0,0.0,0.0,0.0,0.0,0.0,0.0,0.0,0.0,0.0,0.0,0.0,18.0,0.0,0.0,21.0,20,4.0,0.0,3.0,4.0,0.0,0.0,0.0,955000,393000,10,33,368,30,18,4
35030.0,8.0,49.0,97.0,49.0,101.0,4.0,2110000.0,22.0,705000.0,8,31,6.0,8.0,0.0,12.0,10.0,30.0,0.0,24.0,9.0,0.0,0.0,0.0,0.0,0.0,15.0,16.0,0.0,18.0,0.0,0.0,0.0,25,7.0,0.0,3.0,0.0,0.0,0.0,0.0,2253500,761500,13,25,295,29,20,4
21060.0,8.0,54.0,137.0,54.0,144.0,7.0,3830000.0,20.0,2021000.0,13,28,7.0,2.0,3.0,0.0,0.0,36.0,14.0,16.0,9.0,0.0,0.0,0.0,0.0,0.0,0.0,0.0,17.0,18.0,0.0,0.0,0.0,24,5.0,2.0,9.0,0.0,0.0,0.0,0.0,3875001,1443167,10,28,317,29,20,1
25010.0,8.0,54.0,152.0,54.0,155.0,3.0,905000.0,20.0,494166.0,13,38,6.0,10.0,3.0,4.0,0.0,30.0,0.0,8.0,0.0,0.0,0.0,0.0,0.0,0.0,15.0,0.0,0.0,36.0,0.0,0.0,0.0,22,2.0,0.0,15.0,0.0,0.0,0.0,0.0,904002,518334,13,26,303,31,17,0
32370.0,8.0,34.0,114.0,34.0,122.0,8.0,3150000.0,27.0,1003333.0,8,41,8.0,6.0,0.0,0.0,0.0,36.0,0.0,0.0,0.0,0.0,0.0,0.0,0.0,0.0,0.0,0.0,0.0,0.0,0.0,0.0,0.0,28,5.0,0.0,9.0,0.0,0.0,0.0,0.0,3290000,950000,12,39,423,27,19,2
22070.0,8.0,52.0,114.0,52.0,115.0,1.0,1360000.0,23.0,432500.0,12,55,5.0,6.0,6.0,0.0,15.0,36.0,0.0,0.0,0.0,0.0,0.0,0.0,0.0,0.0,0.0,0.0,0.0,0.0,0.0,0.0,0.0,24,3.0,0.0,12.0,4.0,0.0,0.0,0.0,1574003,459168,12,21,236,30,23,2
33390.0,8.0,51.0,117.0,51.0,118.0,1.0,865000.0,18.0,346667.0,18,55,7.0,16.0,3.0,4.0,0.0,30.0,0.0,0.0,9.0,0.0,0.0,0.0,0.0,0.0,0.0,0.0,0.0,0.0,0.0,0.0,0.0,22,5.0,0.0,9.0,0.0,0.0,0.0,0.0,757000,311500,12,29,323,27,23,1
37430.0,7.0,49.0,98.0,49.0,110.0,12.0,5220000.0,14.0,3032500.0,30,21,7.0,6.0,0.0,4.0,0.0,30.0,0.0,24.0,0.0,0.0,0.0,0.0,0.0,0.0,0.0,0.0,0.0,0.0,0.0,0.0,0.0,61,3.0,0.0,9.0,0.0,10.0,0.0,0.0,9550000,3078000,12,33,370,24,17,4
33370.0,7.0,39.0,141.0,39.0,146.0,5.0,535000.0,11.0,340000.0,13,46,6.0,6.0,0.0,4.0,0.0,12.0,0.0,0.0,0.0,0.0,0.0,0.0,13.0,0.0,0.0,0.0,0.0,18.0,0.0,0.0,0.0,54,3.0,2.0,9.0,0.0,5.0,0.0,0.0,547500,346000,11,32,355,25,14,0
11050.0,7.0,58.0,128.0,58.0,129.0,1.0,1095000.0,14.0,555833.0,36,33,6.0,8.0,0.0,0.0,0.0,30.0,0.0,8.0,0.0,0.0,0.0,0.0,0.0,0.0,0.0,0.0,0.0,18.0,0.0,0.0,0.0,19,1.0,0.0,18.0,0.0,0.0,0.0,0.0,1041599,509683,10,23,255,25,21,2
21120.0,7.0,27.0,105.0,27.0,105.0,0.0,720000.0,18.0,325833.0,7,22,5.0,4.0,3.0,0.0,0.0,30.0,0.0,0.0,9.0,0.0,11.0,0.0,0.0,0.0,0.0,0.0,0.0,0.0,0.0,0.0,0.0,19,4.0,0.0,6.0,0.0,0.0,0.0,0.0,688000,309500,11,25,282,27,20,3
11120.0,7.0,41.0,94.0,41.0,94.0,0.0,420000.0,15.0,257499.0,11,18,6.0,2.0,12.0,0.0,0.0,12.0,0.0,0.0,0.0,0.0,0.0,0.0,0.0,0.0,0.0,0.0,0.0,0.0,0.0,0.0,0.0,20,2.0,0.0,9.0,4.0,0.0,0.0,0.0,554595,216365,9,32,347,22,17,5
37340.0,6.0,40.0,89.0,40.0,93.0,4.0,1380000.0,19.0,545000.0,6,40,4.0,0.0,0.0,0.0,0.0,24.0,0.0,0.0,0.0,0.0,0.0,0.0,0.0,0.0,0.0,0.0,0.0,36.0,0.0,0.0,0.0,22,5.0,0.0,3.0,0.0,0.0,0.0,0.0,1330000,556250,9,27,284,19,18,2
32360.0,6.0,50.0,109.0,50.0,111.0,2.0,1080000.0,17.0,470000.0,6,34,5.0,6.0,0.0,0.0,0.0,18.0,0.0,0.0,0.0,0.0,0.0,0.0,0.0,0.0,0.0,0.0,34.0,0.0,0.0,0.0,0.0,23,4.0,0.0,6.0,0.0,0.0,0.0,0.0,1006596,439966,10,30,318,21,17,4
11100.0,6.0,30.0,110.0,30.0,110.0,0.0,357000.0,9.0,207000.0,29,14,6.0,6.0,0.0,0.0,0.0,0.0,0.0,0.0,0.0,0.0,0.0,0.0,0.0,0.0,0.0,0.0,0.0,0.0,0.0,0.0,0.0,21,0.0,0.0,12.0,8.0,0.0,0.0,0.0,356500,191500,9,36,378,17,13,1
37400.0,6.0,47.0,135.0,47.0,137.0,2.0,1610000.0,15.0,551667.0,11,42,4.0,6.0,0.0,4.0,0.0,24.0,0.0,0.0,9.0,0.0,0.0,12.0,0.0,0.0,0.0,0.0,0.0,0.0,0.0,0.0,0.0,23,4.0,0.0,6.0,0.0,0.0,0.0,0.0,1617000,560250,10,26,299,17,16,2
24040.0,6.0,53.0,107.0,42.0,83.0,7.0,1120000.0,13.0,670000.0,8,30,5.0,8.0,0.0,4.0,0.0,24.0,0.0,8.0,9.0,0.0,0.0,0.0,0.0,0.0,30.0,0.0,0.0,18.0,0.0,0.0,0.0,19,2.0,0.0,12.0,0.0,0.0,0.0,0.0,1530000,668750,8,21,232,24,14,2
23060.0,5.0,29.0,92.0,29.0,95.0,3.0,2680000.0,21.0,557500.0,16,41,3.0,8.0,3.0,4.0,5.0,12.0,0.0,0.0,0.0,0.0,0.0,0.0,0.0,0.0,0.0,0.0,17.0,18.0,0.0,0.0,0.0,19,4.0,0.0,3.0,0.0,0.0,0.0,0.0,2856998,588833,8,18,200,19,12,2
22310.0,5.0,26.0,90.0,26.0,90.0,0.0,410000.0,11.0,206667.0,6,40,3.0,2.0,0.0,0.0,0.0,24.0,0.0,0.0,0.0,0.0,0.0,0.0,0.0,0.0,0.0,0.0,0.0,18.0,0.0,0.0,0.0,15,1.0,0.0,12.0,0.0,0.0,0.0,0.0,366799,200733,8,14,165,19,14,1
31080.0,5.0,40.0,62.0,40.0,64.0,2.0,440000.0,12.0,244665.0,9,27,4.0,6.0,0.0,0.0,0.0,24.0,0.0,8.0,0.0,0.0,0.0,0.0,0.0,0.0,0.0,0.0,0.0,0.0,0.0,0.0,0.0,11,4.0,0.0,3.0,0.0,0.0,0.0,0.0,529398,207366,7,22,240,16,13,2
11220.0,5.0,38.0,73.0,38.0,73.0,0.0,340000.0,7.0,265000.0,9,26,3.0,2.0,6.0,0.0,0.0,6.0,0.0,0.0,9.0,0.0,0.0,0.0,0.0,0.0,0.0,0.0,0.0,18.0,0.0,0.0,0.0,15,2.0,2.0,9.0,0.0,0.0,0.0,0.0,329000,219500,8,21,246,18,12,0
11040.0,5.0,23.0,63.0,23.0,63.0,0.0,620000.0,11.0,484000.0,13,28,2.0,4.0,0.0,0.0,5.0,6.0,0.0,16.0,0.0,0.0,0.0,12.0,0.0,0.0,0.0,0.0,0.0,0.0,0.0,0.0,0.0,14,4.0,0.0,3.0,0.0,0.0,0.0,0.0,651499,475333,8,18,203,20,14,0
26040.0,5.0,20.0,80.0,20.0,81.0,1.0,800000.0,11.0,372500.0,5,38,3.0,8.0,3.0,0.0,0.0,0.0,0.0,0.0,0.0,0.0,0.0,0.0,0.0,0.0,0.0,0.0,0.0,0.0,0.0,0.0,0.0,11,4.0,0.0,0.0,0.0,0.0,0.0,0.0,772000,358500,7,20,231,18,14,2
31140.0,5.0,37.0,112.0,38.0,83.0,1.0,728000.0,15.0,253500.0,6,23,4.0,2.0,0.0,0.0,10.0,24.0,0.0,0.0,0.0,0.0,0.0,0.0,0.0,0.0,0.0,0.0,0.0,18.0,0.0,0.0,0.0,15,3.0,0.0,6.0,0.0,0.0,0.0,0.0,750201,247767,8,18,207,18,14,0
34070.0,4.0,26.0,44.0,26.0,44.0,0.0,530000.0,8.0,405000.0,4,27,1.0,4.0,9.0,0.0,0.0,12.0,0.0,0.0,9.0,0.0,0.0,0.0,0.0,0.0,0.0,0.0,0.0,0.0,0.0,0.0,0.0,14,1.0,0.0,9.0,0.0,0.0,0.0,0.0,530000,405000,6,19,208,12,11,1
21030.0,4.0,11.0,64.0,11.0,66.0,2.0,890000.0,10.0,367500.0,14,13,2.0,8.0,0.0,0.0,0.0,24.0,0.0,0.0,0.0,0.0,11.0,0.0,0.0,0.0,0.0,0.0,0.0,0.0,0.0,0.0,0.0,10,0.0,0.0,9.0,0.0,0.0,0.0,0.0,948000,383000,7,9,113,15,11,2
11060.0,4.0,24.0,61.0,24.0,61.0,0.0,820000.0,8.0,366667.0,14,31,3.0,0.0,0.0,0.0,0.0,12.0,0.0,24.0,0.0,0.0,0.0,0.0,0.0,0.0,30.0,0.0,0.0,18.0,0.0,0.0,0.0,8,1.0,0.0,6.0,0.0,0.0,0.0,0.0,777002,394334,6,6,90,13,11,1
11130.0,3.0,19.0,55.0,19.0,55.0,0.0,115000.0,4.0,90000.0,16,17,2.0,0.0,0.0,4.0,0.0,6.0,0.0,0.0,0.0,0.0,0.0,0.0,0.0,0.0,15.0,0.0,0.0,0.0,0.0,0.0,0.0,9,0.0,0.0,9.0,0.0,0.0,0.0,0.0,119800,94800,5,9,101,10,8,0
11080.0,3.0,26.0,33.0,26.0,33.0,0.0,190000.0,6.0,128250.0,7,18,3.0,0.0,3.0,0.0,0.0,0.0,0.0,0.0,0.0,0.0,0.0,0.0,0.0,0.0,0.0,0.0,0.0,0.0,0.0,0.0,21.0,9,1.0,0.0,6.0,0.0,0.0,0.0,0.0,229000,120250,6,13,147,11,9,0
22050.0,3.0,14.0,56.0,14.0,56.0,0.0,330000.0,8.0,126667.0,8,11,0.0,2.0,0.0,0.0,0.0,6.0,0.0,16.0,0.0,0.0,0.0,0.0,0.0,0.0,0.0,0.0,0.0,0.0,0.0,0.0,0.0,9,2.0,0.0,3.0,0.0,0.0,0.0,0.0,347998,131166,3,9,94,11,9,0
24030.0,3.0,9.0,28.0,9.0,28.0,0.0,450000.0,7.0,225000.0,8,8,3.0,4.0,0.0,0.0,0.0,0.0,0.0,0.0,0.0,0.0,0.0,0.0,0.0,0.0,15.0,0.0,17.0,0.0,0.0,0.0,0.0,10,1.0,0.0,3.0,4.0,0.0,0.0,0.0,634000,195750,5,7,80,12,9,1
11110.0,3.0,24.0,34.0,24.0,34.0,0.0,415000.0,5.0,215000.0,8,19,1.0,0.0,0.0,0.0,0.0,0.0,0.0,0.0,9.0,0.0,0.0,0.0,0.0,0.0,15.0,0.0,0.0,0.0,0.0,0.0,0.0,9,1.0,0.0,6.0,0.0,0.0,0.0,0.0,426000,226000,6,10,121,11,9,0
23080.0,3.0,35.0,57.0,35.0,57.0,0.0,150000.0,9.0,62500.0,7,17,2.0,2.0,0.0,0.0,0.0,6.0,0.0,0.0,0.0,0.0,0.0,0.0,0.0,0.0,30.0,0.0,0.0,0.0,0.0,0.0,0.0,9,2.0,0.0,3.0,0.0,0.0,0.0,0.0,147000,61500,3,10,118,12,7,1
11170.0,2.0,7.0,22.0,7.0,22.0,0.0,180000.0,3.0,155000.0,6,9,1.0,0.0,0.0,4.0,0.0,0.0,0.0,8.0,0.0,0.0,0.0,0.0,0.0,0.0,15.0,0.0,0.0,0.0,0.0,0.0,0.0,3,0.0,0.0,3.0,0.0,0.0,0.0,0.0,182000,125000,4,7,77,5,5,0
11250.0,2.0,14.0,33.0,14.0,33.0,0.0,500000.0,3.0,350000.0,2,16,2.0,2.0,0.0,0.0,0.0,6.0,0.0,8.0,0.0,0.0,0.0,0.0,0.0,0.0,0.0,0.0,0.0,0.0,0.0,0.0,0.0,5,1.0,0.0,3.0,0.0,0.0,0.0,0.0,463000,256500,2,5,65,7,4,1
11160.0,2.0,8.0,16.0,8.0,17.0,1.0,560000.0,4.0,226667.0,7,19,1.0,2.0,0.0,0.0,0.0,6.0,0.0,8.0,0.0,0.0,0.0,0.0,0.0,0.0,15.0,0.0,0.0,18.0,0.0,0.0,0.0,5,1.0,0.0,3.0,0.0,0.0,0.0,0.0,383000,171000,2,4,52,7,6,0
22040.0,2.0,20.0,4.0,20.0,7.0,3.0,510000.0,4.0,403333.0,2,10,1.0,2.0,0.0,0.0,0.0,6.0,0.0,0.0,0.0,0.0,0.0,0.0,0.0,0.0,0.0,0.0,0.0,36.0,0.0,0.0,0.0,4,1.0,0.0,0.0,0.0,0.0,0.0,0.0,469803,381601,3,6,71,7,4,1
21130.0,2.0,10.0,32.0,10.0,35.0,3.0,750000.0,5.0,388667.0,2,3,1.0,4.0,3.0,4.0,5.0,12.0,0.0,8.0,9.0,0.0,0.0,0.0,0.0,0.0,0.0,0.0,0.0,0.0,0.0,0.0,0.0,5,2.0,0.0,0.0,0.0,0.0,0.0,0.0,891000,379500,2,8,95,8,5,2
11150.0,1.0,10.0,17.0,10.0,17.0,0.0,100000.0,2.0,50000.0,6,14,0.0,0.0,0.0,0.0,0.0,0.0,0.0,0.0,0.0,0.0,0.0,0.0,0.0,0.0,0.0,0.0,0.0,18.0,0.0,0.0,0.0,2,0.0,0.0,3.0,0.0,0.0,0.0,0.0,98000,53000,2,6,63,3,2,1
11090.0,1.0,2.0,8.0,2.0,8.0,0.0,50000.0,2.0,25000.0,1,1,1.0,0.0,0.0,0.0,0.0,6.0,0.0,0.0,0.0,0.0,0.0,0.0,0.0,0.0,0.0,0.0,0.0,0.0,0.0,0.0,0.0,2,0.0,0.0,3.0,0.0,0.0,0.0,0.0,50000,25000,1,4,48,4,1,1
21080.0,1.0,3.0,1.0,3.0,1.0,0.0,150000.0,3.0,50000.0,1,3,1.0,0.0,0.0,4.0,0.0,0.0,0.0,0.0,0.0,0.0,0.0,0.0,0.0,0.0,0.0,0.0,0.0,0.0,0.0,0.0,0.0,3,0.0,0.0,3.0,0.0,0.0,0.0,0.0,149001,49667,2,4,48,3,3,0
23030.0,1.0,8.0,3.0,8.0,9.0,6.0,50000.0,1.0,50000.0,6,4,0.0,0.0,0.0,0.0,0.0,0.0,0.0,0.0,0.0,0.0,0.0,0.0,0.0,0.0,0.0,0.0,0.0,18.0,0.0,0.0,0.0,1,0.0,0.0,0.0,0.0,0.0,0.0,0.0,40000,40000,1,2,24,4,1,1
11180.0,1.0,11.0,14.0,11.0,15.0,1.0,200000.0,1.0,200000.0,6,6,0.0,0.0,0.0,0.0,0.0,0.0,0.0,8.0,0.0,0.0,0.0,0.0,0.0,0.0,15.0,0.0,0.0,18.0,0.0,0.0,0.0,2,0.0,0.0,3.0,0.0,0.0,0.0,0.0,175000,152500,2,2,20,4,3,0
23020.0,1.0,2.0,15.0,2.0,15.0,0.0,210000.0,3.0,70000.0,1,10,1.0,2.0,0.0,0.0,0.0,6.0,0.0,0.0,0.0,0.0,0.0,0.0,0.0,0.0,0.0,0.0,0.0,0.0,0.0,0.0,0.0,3,0.0,0.0,3.0,0.0,0.0,0.0,0.0,255000,85000,1,2,25,4,3,0
